file_path,scansionato_riga_per_riga,corruzioni_trovate,patch_applicata,note
"/home/pythonwoods/dev/PythonSandbox/zenzic/.github/ISSUE_TEMPLATE/gate-bypass-postmortem.md",Y,0,N,""
"/home/pythonwoods/dev/PythonSandbox/zenzic/.github/PULL_REQUEST_TEMPLATE.md",Y,0,N,""
"/home/pythonwoods/dev/PythonSandbox/zenzic/CHANGELOG.md",Y,4,Y,""
"/home/pythonwoods/dev/PythonSandbox/zenzic/CODE_OF_CONDUCT.md",Y,0,N,""
"/home/pythonwoods/dev/PythonSandbox/zenzic/CONTRIBUTING.it.md",Y,0,N,""
"/home/pythonwoods/dev/PythonSandbox/zenzic/CONTRIBUTING.md",Y,0,N,""
"/home/pythonwoods/dev/PythonSandbox/zenzic/README.it.md",Y,0,N,""
"/home/pythonwoods/dev/PythonSandbox/zenzic/README.md",Y,0,N,""
"/home/pythonwoods/dev/PythonSandbox/zenzic/RELEASE.md",Y,0,N,""
"/home/pythonwoods/dev/PythonSandbox/zenzic/ROADMAP.md",Y,1,N,"Possibile storico o fuori-scope: richiede review manuale"
"/home/pythonwoods/dev/PythonSandbox/zenzic/SECURITY.md",Y,0,N,""
"/home/pythonwoods/dev/PythonSandbox/zenzic/changelogs/README.md",Y,0,N,""
"/home/pythonwoods/dev/PythonSandbox/zenzic/changelogs/v0.1.md",Y,0,N,""
"/home/pythonwoods/dev/PythonSandbox/zenzic/changelogs/v0.2.md",Y,1,N,"Possibile storico o fuori-scope: richiede review manuale"
"/home/pythonwoods/dev/PythonSandbox/zenzic/changelogs/v0.3.md",Y,0,N,""
"/home/pythonwoods/dev/PythonSandbox/zenzic/changelogs/v0.4.md",Y,5,N,"Possibile storico o fuori-scope: richiede review manuale"
"/home/pythonwoods/dev/PythonSandbox/zenzic/changelogs/v0.5.md",Y,3,N,"Possibile storico o fuori-scope: richiede review manuale"
"/home/pythonwoods/dev/PythonSandbox/zenzic/changelogs/v0.6.md",Y,0,N,""
"/home/pythonwoods/dev/PythonSandbox/zenzic/changelogs/v0.7.md",Y,5,N,"Possibile storico o fuori-scope: richiede review manuale"
"/home/pythonwoods/dev/PythonSandbox/zenzic/examples/broken-docs/README.it.md",Y,0,N,""
"/home/pythonwoods/dev/PythonSandbox/zenzic/examples/broken-docs/README.md",Y,0,N,""
"/home/pythonwoods/dev/PythonSandbox/zenzic/examples/broken-docs/docs/_drafts/unreleased.md",Y,0,N,""
"/home/pythonwoods/dev/PythonSandbox/zenzic/examples/broken-docs/docs/api.md",Y,0,N,""
"/home/pythonwoods/dev/PythonSandbox/zenzic/examples/broken-docs/docs/index.md",Y,0,N,""
"/home/pythonwoods/dev/PythonSandbox/zenzic/examples/broken-docs/docs/orphan-nav.md",Y,0,N,""
"/home/pythonwoods/dev/PythonSandbox/zenzic/examples/broken-docs/docs/tutorial.md",Y,0,N,""
"/home/pythonwoods/dev/PythonSandbox/zenzic/examples/custom-dir-target/README.md",Y,0,N,""
"/home/pythonwoods/dev/PythonSandbox/zenzic/examples/custom-dir-target/content/guides/setup.md",Y,0,N,""
"/home/pythonwoods/dev/PythonSandbox/zenzic/examples/custom-dir-target/content/index.md",Y,0,N,""
"/home/pythonwoods/dev/PythonSandbox/zenzic/examples/docusaurus-v3-enterprise/README.md",Y,0,N,""
"/home/pythonwoods/dev/PythonSandbox/zenzic/examples/docusaurus-v3-enterprise/docs/about.mdx",Y,0,N,""
"/home/pythonwoods/dev/PythonSandbox/zenzic/examples/docusaurus-v3-enterprise/docs/changelog.mdx",Y,0,N,""
"/home/pythonwoods/dev/PythonSandbox/zenzic/examples/docusaurus-v3-enterprise/docs/guide/deploy.mdx",Y,0,N,""
"/home/pythonwoods/dev/PythonSandbox/zenzic/examples/docusaurus-v3-enterprise/docs/guide/index.mdx",Y,0,N,""
"/home/pythonwoods/dev/PythonSandbox/zenzic/examples/docusaurus-v3-enterprise/docs/intro.mdx",Y,0,N,""
"/home/pythonwoods/dev/PythonSandbox/zenzic/examples/docusaurus-v3-enterprise/i18n/it/docusaurus-plugin-content-docs/current/intro.mdx",Y,0,N,""
"/home/pythonwoods/dev/PythonSandbox/zenzic/examples/docusaurus-v3-enterprise/versioned_docs/version-1.0.0/guide/index.md",Y,0,N,""
"/home/pythonwoods/dev/PythonSandbox/zenzic/examples/docusaurus-v3-enterprise/versioned_docs/version-1.0.0/intro.md",Y,0,N,""
"/home/pythonwoods/dev/PythonSandbox/zenzic/examples/docusaurus-v3/README.md",Y,0,N,""
"/home/pythonwoods/dev/PythonSandbox/zenzic/examples/docusaurus-v3/blog/2026-01-15-getting-started.md",Y,0,N,""
"/home/pythonwoods/dev/PythonSandbox/zenzic/examples/docusaurus-v3/blog/2026-03-20-advanced-routing.md",Y,0,N,""
"/home/pythonwoods/dev/PythonSandbox/zenzic/examples/docusaurus-v3/docs/guide/about.mdx",Y,1,N,"Possibile storico o fuori-scope: richiede review manuale"
"/home/pythonwoods/dev/PythonSandbox/zenzic/examples/docusaurus-v3/docs/guide/install.mdx",Y,0,N,""
"/home/pythonwoods/dev/PythonSandbox/zenzic/examples/docusaurus-v3/docs/intro.mdx",Y,0,N,""
"/home/pythonwoods/dev/PythonSandbox/zenzic/examples/docusaurus-v3/i18n/it/docusaurus-plugin-content-docs/current/guide/install.mdx",Y,0,N,""
"/home/pythonwoods/dev/PythonSandbox/zenzic/examples/docusaurus-v3/i18n/it/docusaurus-plugin-content-docs/current/intro.mdx",Y,0,N,""
"/home/pythonwoods/dev/PythonSandbox/zenzic/examples/i18n-standard/README.it.md",Y,0,N,""
"/home/pythonwoods/dev/PythonSandbox/zenzic/examples/i18n-standard/README.md",Y,0,N,""
"/home/pythonwoods/dev/PythonSandbox/zenzic/examples/i18n-standard/docs/guides/advanced/setup.it.md",Y,0,N,""
"/home/pythonwoods/dev/PythonSandbox/zenzic/examples/i18n-standard/docs/guides/advanced/setup.md",Y,0,N,""
"/home/pythonwoods/dev/PythonSandbox/zenzic/examples/i18n-standard/docs/guides/advanced/tuning.it.md",Y,0,N,""
"/home/pythonwoods/dev/PythonSandbox/zenzic/examples/i18n-standard/docs/guides/advanced/tuning.md",Y,0,N,""
"/home/pythonwoods/dev/PythonSandbox/zenzic/examples/i18n-standard/docs/guides/index.it.md",Y,0,N,""
"/home/pythonwoods/dev/PythonSandbox/zenzic/examples/i18n-standard/docs/guides/index.md",Y,0,N,""
"/home/pythonwoods/dev/PythonSandbox/zenzic/examples/i18n-standard/docs/index.it.md",Y,0,N,""
"/home/pythonwoods/dev/PythonSandbox/zenzic/examples/i18n-standard/docs/index.md",Y,0,N,""
"/home/pythonwoods/dev/PythonSandbox/zenzic/examples/i18n-standard/docs/reference/api.it.md",Y,0,N,""
"/home/pythonwoods/dev/PythonSandbox/zenzic/examples/i18n-standard/docs/reference/api.md",Y,0,N,""
"/home/pythonwoods/dev/PythonSandbox/zenzic/examples/matrix/README.md",Y,0,N,""
"/home/pythonwoods/dev/PythonSandbox/zenzic/examples/matrix/adversarial-validation/README.md",Y,0,N,""
"/home/pythonwoods/dev/PythonSandbox/zenzic/examples/matrix/adversarial-validation/mkdocs/docs/explanation/architecture.md",Y,0,N,""
"/home/pythonwoods/dev/PythonSandbox/zenzic/examples/matrix/adversarial-validation/mkdocs/docs/how-to/configure.md",Y,0,N,""
"/home/pythonwoods/dev/PythonSandbox/zenzic/examples/matrix/adversarial-validation/mkdocs/docs/index.md",Y,0,N,""
"/home/pythonwoods/dev/PythonSandbox/zenzic/examples/matrix/adversarial-validation/mkdocs/docs/reference/api.md",Y,0,N,""
"/home/pythonwoods/dev/PythonSandbox/zenzic/examples/matrix/adversarial-validation/mkdocs/docs/tutorial/getting-started.md",Y,0,N,""
"/home/pythonwoods/dev/PythonSandbox/zenzic/examples/matrix/adversarial-validation/standalone/docs/explanation/architecture.md",Y,0,N,""
"/home/pythonwoods/dev/PythonSandbox/zenzic/examples/matrix/adversarial-validation/standalone/docs/how-to/configure.md",Y,0,N,""
"/home/pythonwoods/dev/PythonSandbox/zenzic/examples/matrix/adversarial-validation/standalone/docs/index.md",Y,0,N,""
"/home/pythonwoods/dev/PythonSandbox/zenzic/examples/matrix/adversarial-validation/standalone/docs/reference/api.md",Y,0,N,""
"/home/pythonwoods/dev/PythonSandbox/zenzic/examples/matrix/adversarial-validation/standalone/docs/tutorial/getting-started.md",Y,0,N,""
"/home/pythonwoods/dev/PythonSandbox/zenzic/examples/matrix/adversarial-validation/zensical/docs/explanation/architecture.md",Y,0,N,""
"/home/pythonwoods/dev/PythonSandbox/zenzic/examples/matrix/adversarial-validation/zensical/docs/how-to/configure.md",Y,0,N,""
"/home/pythonwoods/dev/PythonSandbox/zenzic/examples/matrix/adversarial-validation/zensical/docs/index.md",Y,0,N,""
"/home/pythonwoods/dev/PythonSandbox/zenzic/examples/matrix/adversarial-validation/zensical/docs/reference/api.md",Y,0,N,""
"/home/pythonwoods/dev/PythonSandbox/zenzic/examples/matrix/adversarial-validation/zensical/docs/tutorial/getting-started.md",Y,0,N,""
"/home/pythonwoods/dev/PythonSandbox/zenzic/examples/matrix/integrity-baseline/README.md",Y,0,N,""
"/home/pythonwoods/dev/PythonSandbox/zenzic/examples/matrix/integrity-baseline/mkdocs/docs/explanation/architecture.md",Y,0,N,""
"/home/pythonwoods/dev/PythonSandbox/zenzic/examples/matrix/integrity-baseline/mkdocs/docs/explanation/index.md",Y,0,N,""
"/home/pythonwoods/dev/PythonSandbox/zenzic/examples/matrix/integrity-baseline/mkdocs/docs/how-to/configure.md",Y,0,N,""
"/home/pythonwoods/dev/PythonSandbox/zenzic/examples/matrix/integrity-baseline/mkdocs/docs/how-to/index.md",Y,0,N,""
"/home/pythonwoods/dev/PythonSandbox/zenzic/examples/matrix/integrity-baseline/mkdocs/docs/index.md",Y,0,N,""
"/home/pythonwoods/dev/PythonSandbox/zenzic/examples/matrix/integrity-baseline/mkdocs/docs/reference/api.md",Y,0,N,""
"/home/pythonwoods/dev/PythonSandbox/zenzic/examples/matrix/integrity-baseline/mkdocs/docs/reference/index.md",Y,0,N,""
"/home/pythonwoods/dev/PythonSandbox/zenzic/examples/matrix/integrity-baseline/mkdocs/docs/tutorial/getting-started.md",Y,0,N,""
"/home/pythonwoods/dev/PythonSandbox/zenzic/examples/matrix/integrity-baseline/mkdocs/docs/tutorial/index.md",Y,0,N,""
"/home/pythonwoods/dev/PythonSandbox/zenzic/examples/matrix/integrity-baseline/standalone/docs/explanation/architecture.md",Y,0,N,""
"/home/pythonwoods/dev/PythonSandbox/zenzic/examples/matrix/integrity-baseline/standalone/docs/explanation/index.md",Y,0,N,""
"/home/pythonwoods/dev/PythonSandbox/zenzic/examples/matrix/integrity-baseline/standalone/docs/how-to/configure.md",Y,0,N,""
"/home/pythonwoods/dev/PythonSandbox/zenzic/examples/matrix/integrity-baseline/standalone/docs/how-to/index.md",Y,0,N,""
"/home/pythonwoods/dev/PythonSandbox/zenzic/examples/matrix/integrity-baseline/standalone/docs/index.md",Y,0,N,""
"/home/pythonwoods/dev/PythonSandbox/zenzic/examples/matrix/integrity-baseline/standalone/docs/reference/api.md",Y,0,N,""
"/home/pythonwoods/dev/PythonSandbox/zenzic/examples/matrix/integrity-baseline/standalone/docs/reference/index.md",Y,0,N,""
"/home/pythonwoods/dev/PythonSandbox/zenzic/examples/matrix/integrity-baseline/standalone/docs/tutorial/getting-started.md",Y,0,N,""
"/home/pythonwoods/dev/PythonSandbox/zenzic/examples/matrix/integrity-baseline/standalone/docs/tutorial/index.md",Y,0,N,""
"/home/pythonwoods/dev/PythonSandbox/zenzic/examples/matrix/integrity-baseline/zensical/docs/explanation/architecture.md",Y,0,N,""
"/home/pythonwoods/dev/PythonSandbox/zenzic/examples/matrix/integrity-baseline/zensical/docs/explanation/index.md",Y,0,N,""
"/home/pythonwoods/dev/PythonSandbox/zenzic/examples/matrix/integrity-baseline/zensical/docs/how-to/configure.md",Y,0,N,""
"/home/pythonwoods/dev/PythonSandbox/zenzic/examples/matrix/integrity-baseline/zensical/docs/how-to/index.md",Y,0,N,""
"/home/pythonwoods/dev/PythonSandbox/zenzic/examples/matrix/integrity-baseline/zensical/docs/index.md",Y,0,N,""
"/home/pythonwoods/dev/PythonSandbox/zenzic/examples/matrix/integrity-baseline/zensical/docs/reference/api.md",Y,0,N,""
"/home/pythonwoods/dev/PythonSandbox/zenzic/examples/matrix/integrity-baseline/zensical/docs/reference/index.md",Y,0,N,""
"/home/pythonwoods/dev/PythonSandbox/zenzic/examples/matrix/integrity-baseline/zensical/docs/tutorial/getting-started.md",Y,0,N,""
"/home/pythonwoods/dev/PythonSandbox/zenzic/examples/matrix/integrity-baseline/zensical/docs/tutorial/index.md",Y,0,N,""
"/home/pythonwoods/dev/PythonSandbox/zenzic/examples/mkdocs-basic/README.it.md",Y,0,N,""
"/home/pythonwoods/dev/PythonSandbox/zenzic/examples/mkdocs-basic/README.md",Y,0,N,""
"/home/pythonwoods/dev/PythonSandbox/zenzic/examples/mkdocs-basic/docs/api.md",Y,0,N,""
"/home/pythonwoods/dev/PythonSandbox/zenzic/examples/mkdocs-basic/docs/guide/index.md",Y,0,N,""
"/home/pythonwoods/dev/PythonSandbox/zenzic/examples/mkdocs-basic/docs/guide/setup.md",Y,0,N,""
"/home/pythonwoods/dev/PythonSandbox/zenzic/examples/mkdocs-basic/docs/index.md",Y,0,N,""
"/home/pythonwoods/dev/PythonSandbox/zenzic/examples/mkdocs-z404/docs/index.md",Y,0,N,""
"/home/pythonwoods/dev/PythonSandbox/zenzic/examples/os/unix-security/README.md",Y,0,N,""
"/home/pythonwoods/dev/PythonSandbox/zenzic/examples/os/unix-security/docs/deep-traversal.md",Y,0,N,""
"/home/pythonwoods/dev/PythonSandbox/zenzic/examples/os/unix-security/docs/fenced.md",Y,0,N,""
"/home/pythonwoods/dev/PythonSandbox/zenzic/examples/os/unix-security/docs/index.md",Y,0,N,""
"/home/pythonwoods/dev/PythonSandbox/zenzic/examples/os/unix-security/docs/obfuscated.md",Y,0,N,""
"/home/pythonwoods/dev/PythonSandbox/zenzic/examples/os/win-integrity/README.md",Y,0,N,""
"/home/pythonwoods/dev/PythonSandbox/zenzic/examples/os/win-integrity/docs/index.md",Y,0,N,""
"/home/pythonwoods/dev/PythonSandbox/zenzic/examples/os/win-integrity/docs/unc-paths.md",Y,0,N,""
"/home/pythonwoods/dev/PythonSandbox/zenzic/examples/os/win-integrity/docs/win-paths.md",Y,0,N,""
"/home/pythonwoods/dev/PythonSandbox/zenzic/examples/plugin-scaffold-demo/README.it.md",Y,0,N,""
"/home/pythonwoods/dev/PythonSandbox/zenzic/examples/plugin-scaffold-demo/README.md",Y,0,N,""
"/home/pythonwoods/dev/PythonSandbox/zenzic/examples/plugin-scaffold-demo/docs/index.md",Y,0,N,""
"/home/pythonwoods/dev/PythonSandbox/zenzic/examples/readme-hero/docs/index.md",Y,0,N,""
"/home/pythonwoods/dev/PythonSandbox/zenzic/examples/readme-hero/docs/setup.md",Y,0,N,""
"/home/pythonwoods/dev/PythonSandbox/zenzic/examples/rules/z100-link-graph/README.md",Y,0,N,""
"/home/pythonwoods/dev/PythonSandbox/zenzic/examples/rules/z100-link-graph/docs/a.md",Y,0,N,""
"/home/pythonwoods/dev/PythonSandbox/zenzic/examples/rules/z100-link-graph/docs/b.md",Y,0,N,""
"/home/pythonwoods/dev/PythonSandbox/zenzic/examples/rules/z100-link-graph/docs/broken-anchors.md",Y,0,N,""
"/home/pythonwoods/dev/PythonSandbox/zenzic/examples/rules/z100-link-graph/docs/c.md",Y,0,N,""
"/home/pythonwoods/dev/PythonSandbox/zenzic/examples/rules/z100-link-graph/docs/index.md",Y,0,N,""
"/home/pythonwoods/dev/PythonSandbox/zenzic/examples/rules/z108-empty-link/README.md",Y,0,N,""
"/home/pythonwoods/dev/PythonSandbox/zenzic/examples/rules/z108-empty-link/docs/index.md",Y,0,N,""
"/home/pythonwoods/dev/PythonSandbox/zenzic/examples/rules/z200-credentials/README.md",Y,0,N,""
"/home/pythonwoods/dev/PythonSandbox/zenzic/examples/rules/z200-credentials/docs/base64-secrets.md",Y,0,N,""
"/home/pythonwoods/dev/PythonSandbox/zenzic/examples/rules/z200-credentials/docs/encoded-creds.md",Y,0,N,""
"/home/pythonwoods/dev/PythonSandbox/zenzic/examples/rules/z200-credentials/docs/index.md",Y,0,N,""
"/home/pythonwoods/dev/PythonSandbox/zenzic/examples/rules/z200-credentials/docs/mixed-case.md",Y,0,N,""
"/home/pythonwoods/dev/PythonSandbox/zenzic/examples/rules/z201-credential-leak/README.md",Y,0,N,""
"/home/pythonwoods/dev/PythonSandbox/zenzic/examples/rules/z201-credential-leak/docs/index.md",Y,0,N,""
"/home/pythonwoods/dev/PythonSandbox/zenzic/examples/rules/z204-privacy-gate/README.md",Y,0,N,""
"/home/pythonwoods/dev/PythonSandbox/zenzic/examples/rules/z204-privacy-gate/docs/index.md",Y,0,N,""
"/home/pythonwoods/dev/PythonSandbox/zenzic/examples/rules/z300-structure/README.md",Y,0,N,""
"/home/pythonwoods/dev/PythonSandbox/zenzic/examples/rules/z300-structure/docs/index.md",Y,0,N,""
"/home/pythonwoods/dev/PythonSandbox/zenzic/examples/rules/z400-seo/README.md",Y,0,N,""
"/home/pythonwoods/dev/PythonSandbox/zenzic/examples/rules/z400-seo/docs/index.md",Y,0,N,""
"/home/pythonwoods/dev/PythonSandbox/zenzic/examples/rules/z400-seo/docs/orphan.md",Y,0,N,""
"/home/pythonwoods/dev/PythonSandbox/zenzic/examples/rules/z400-seo/docs/section-a/page.md",Y,0,N,""
"/home/pythonwoods/dev/PythonSandbox/zenzic/examples/rules/z400-seo/docs/section-b/page.md",Y,0,N,""
"/home/pythonwoods/dev/PythonSandbox/zenzic/examples/rules/z400-seo/docs/section-c/page.md",Y,0,N,""
"/home/pythonwoods/dev/PythonSandbox/zenzic/examples/rules/z405-asset-integrity/README.md",Y,0,N,""
"/home/pythonwoods/dev/PythonSandbox/zenzic/examples/rules/z405-asset-integrity/docs/index.md",Y,0,N,""
"/home/pythonwoods/dev/PythonSandbox/zenzic/examples/rules/z405-asset-integrity/docs/orphan.md",Y,0,N,""
"/home/pythonwoods/dev/PythonSandbox/zenzic/examples/rules/z500-quality/README.md",Y,0,N,""
"/home/pythonwoods/dev/PythonSandbox/zenzic/examples/rules/z500-quality/docs/bad-snippet.md",Y,0,N,""
"/home/pythonwoods/dev/PythonSandbox/zenzic/examples/rules/z500-quality/docs/index.md",Y,0,N,""
"/home/pythonwoods/dev/PythonSandbox/zenzic/examples/rules/z500-quality/docs/stub-alpha.md",Y,0,N,""
"/home/pythonwoods/dev/PythonSandbox/zenzic/examples/rules/z500-quality/docs/stub-beta.md",Y,0,N,""
"/home/pythonwoods/dev/PythonSandbox/zenzic/examples/rules/z500-quality/docs/stub-gamma.md",Y,0,N,""
"/home/pythonwoods/dev/PythonSandbox/zenzic/examples/rules/z602-i18n-parity/README.md",Y,0,N,""
"/home/pythonwoods/dev/PythonSandbox/zenzic/examples/rules/z602-i18n-parity/docs/en/index.md",Y,0,N,""
"/home/pythonwoods/dev/PythonSandbox/zenzic/examples/rules/z602-i18n-parity/docs/it/index.md",Y,0,N,""
"/home/pythonwoods/dev/PythonSandbox/zenzic/examples/safety_demonstration.md",Y,0,N,""
"/home/pythonwoods/dev/PythonSandbox/zenzic/examples/scoring/content-spam/README.md",Y,0,N,""
"/home/pythonwoods/dev/PythonSandbox/zenzic/examples/scoring/content-spam/docs/index.md",Y,0,N,""
"/home/pythonwoods/dev/PythonSandbox/zenzic/examples/scoring/security-base64/secret.md",Y,0,N,""
"/home/pythonwoods/dev/PythonSandbox/zenzic/examples/scoring/security-breach/README.md",Y,0,N,""
"/home/pythonwoods/dev/PythonSandbox/zenzic/examples/scoring/suppression-mechanics/docs/index.md",Y,0,N,""
"/home/pythonwoods/dev/PythonSandbox/zenzic/examples/scoring/suppression-mechanics/docs/inline-examples.md",Y,0,N,""
"/home/pythonwoods/dev/PythonSandbox/zenzic/examples/scoring/suppression-mechanics/docs/legacy-reference.md",Y,0,N,""
"/home/pythonwoods/dev/PythonSandbox/zenzic/examples/scoring/suppression-mechanics/docs/migration-guide.md",Y,0,N,""
"/home/pythonwoods/dev/PythonSandbox/zenzic/examples/security_lab/README.it.md",Y,0,N,""
"/home/pythonwoods/dev/PythonSandbox/zenzic/examples/security_lab/README.md",Y,0,N,""
"/home/pythonwoods/dev/PythonSandbox/zenzic/examples/security_lab/docs/absolute.md",Y,0,N,""
"/home/pythonwoods/dev/PythonSandbox/zenzic/examples/security_lab/docs/attack.md",Y,0,N,""
"/home/pythonwoods/dev/PythonSandbox/zenzic/examples/security_lab/docs/fenced.md",Y,0,N,""
"/home/pythonwoods/dev/PythonSandbox/zenzic/examples/security_lab/docs/traversal.md",Y,0,N,""
"/home/pythonwoods/dev/PythonSandbox/zenzic/examples/single-file-target/README.md",Y,0,N,""
"/home/pythonwoods/dev/PythonSandbox/zenzic/examples/single-file-target/docs/index.md",Y,0,N,""
"/home/pythonwoods/dev/PythonSandbox/zenzic/examples/standalone-markdown/README.md",Y,0,N,""
"/home/pythonwoods/dev/PythonSandbox/zenzic/examples/standalone-markdown/docs/deep-folder/advanced.md",Y,0,N,""
"/home/pythonwoods/dev/PythonSandbox/zenzic/examples/standalone-markdown/docs/deep-folder/internals.md",Y,0,N,""
"/home/pythonwoods/dev/PythonSandbox/zenzic/examples/standalone-markdown/docs/guides/index.md",Y,0,N,""
"/home/pythonwoods/dev/PythonSandbox/zenzic/examples/standalone-markdown/docs/guides/setup.md",Y,0,N,""
"/home/pythonwoods/dev/PythonSandbox/zenzic/examples/standalone-markdown/docs/index.md",Y,0,N,""
"/home/pythonwoods/dev/PythonSandbox/zenzic/examples/standalone/README.it.md",Y,0,N,""
"/home/pythonwoods/dev/PythonSandbox/zenzic/examples/standalone/README.md",Y,0,N,""
"/home/pythonwoods/dev/PythonSandbox/zenzic/examples/standalone/docs/guides/setup.md",Y,0,N,""
"/home/pythonwoods/dev/PythonSandbox/zenzic/examples/standalone/docs/index.md",Y,0,N,""
"/home/pythonwoods/dev/PythonSandbox/zenzic/examples/vcs-aware-project/README.md",Y,0,N,""
"/home/pythonwoods/dev/PythonSandbox/zenzic/examples/vcs-aware-project/docs/drafts/wip.md",Y,0,N,""
"/home/pythonwoods/dev/PythonSandbox/zenzic/examples/vcs-aware-project/docs/guide.md",Y,0,N,""
"/home/pythonwoods/dev/PythonSandbox/zenzic/examples/vcs-aware-project/docs/index.md",Y,0,N,""
"/home/pythonwoods/dev/PythonSandbox/zenzic/examples/zensical-basic/README.it.md",Y,0,N,""
"/home/pythonwoods/dev/PythonSandbox/zenzic/examples/zensical-basic/README.md",Y,0,N,""
"/home/pythonwoods/dev/PythonSandbox/zenzic/examples/zensical-basic/docs/api/endpoints.md",Y,0,N,""
"/home/pythonwoods/dev/PythonSandbox/zenzic/examples/zensical-basic/docs/api/index.md",Y,0,N,""
"/home/pythonwoods/dev/PythonSandbox/zenzic/examples/zensical-basic/docs/guide.md",Y,0,N,""
"/home/pythonwoods/dev/PythonSandbox/zenzic/examples/zensical-basic/docs/index.md",Y,0,N,""
"/home/pythonwoods/dev/PythonSandbox/zenzic/examples/zensical-bridge/README.md",Y,0,N,""
"/home/pythonwoods/dev/PythonSandbox/zenzic/examples/zensical-bridge/docs/guide/index.md",Y,0,N,""
"/home/pythonwoods/dev/PythonSandbox/zenzic/examples/zensical-bridge/docs/guide/migration.md",Y,0,N,""
"/home/pythonwoods/dev/PythonSandbox/zenzic/examples/zensical-bridge/docs/index.md",Y,0,N,""
"/home/pythonwoods/dev/PythonSandbox/zenzic/examples/zensical-z404/docs/index.md",Y,0,N,""
"/home/pythonwoods/dev/PythonSandbox/zenzic/tests/sandboxes/hero_specimen/docs/deploy.md",Y,0,N,""
"/home/pythonwoods/dev/PythonSandbox/zenzic/tests/sandboxes/hero_specimen/docs/index.md",Y,0,N,""
"/home/pythonwoods/dev/PythonSandbox/zenzic/tests/sandboxes/hero_specimen/docs/secrets.md",Y,0,N,""
"/home/pythonwoods/dev/PythonSandbox/zenzic/tests/sandboxes/mkdocs/docs/README.md",Y,0,N,""
"/home/pythonwoods/dev/PythonSandbox/zenzic/tests/sandboxes/mkdocs/docs/about.md",Y,0,N,""
"/home/pythonwoods/dev/PythonSandbox/zenzic/tests/sandboxes/mkdocs/docs/guide/get-started.md",Y,0,N,""
"/home/pythonwoods/dev/PythonSandbox/zenzic/tests/sandboxes/mkdocs/docs/guide/installation.md",Y,0,N,""
"/home/pythonwoods/dev/PythonSandbox/zenzic/tests/sandboxes/mkdocs/docs/index.md",Y,0,N,""
"/home/pythonwoods/dev/PythonSandbox/zenzic/tests/sandboxes/mkdocs/docs/it/guide.md",Y,0,N,""
"/home/pythonwoods/dev/PythonSandbox/zenzic/tests/sandboxes/mkdocs/docs/secret/hidden.md",Y,0,N,""
"/home/pythonwoods/dev/PythonSandbox/zenzic/tests/sandboxes/screenshot_circular/docs/alpha.md",Y,0,N,""
"/home/pythonwoods/dev/PythonSandbox/zenzic/tests/sandboxes/screenshot_circular/docs/beta.md",Y,0,N,""
"/home/pythonwoods/dev/PythonSandbox/zenzic/tests/sandboxes/screenshot_traversal/docs/leak.md",Y,0,N,""
"/home/pythonwoods/dev/PythonSandbox/zenzic/tests/sandboxes/zensical/docs/_private/notes.md",Y,1,N,"Possibile storico o fuori-scope: richiede review manuale"
"/home/pythonwoods/dev/PythonSandbox/zenzic/tests/sandboxes/zensical/docs/api.md",Y,0,N,""
"/home/pythonwoods/dev/PythonSandbox/zenzic/tests/sandboxes/zensical/docs/features.md",Y,0,N,""
"/home/pythonwoods/dev/PythonSandbox/zenzic/tests/sandboxes/zensical/docs/index.md",Y,0,N,""
"/home/pythonwoods/dev/PythonSandbox/zenzic-doc/.github/ISSUE_TEMPLATE/gate-bypass-postmortem.md",Y,0,N,""
"/home/pythonwoods/dev/PythonSandbox/zenzic-doc/.github/PULL_REQUEST_TEMPLATE.md",Y,0,N,""
"/home/pythonwoods/dev/PythonSandbox/zenzic-doc/CHANGELOG.md",Y,3,N,"Possibile storico o fuori-scope: richiede review manuale"
"/home/pythonwoods/dev/PythonSandbox/zenzic-doc/CODE_OF_CONDUCT.md",Y,0,N,""
"/home/pythonwoods/dev/PythonSandbox/zenzic-doc/CONTRIBUTING.it.md",Y,0,N,""
"/home/pythonwoods/dev/PythonSandbox/zenzic-doc/CONTRIBUTING.md",Y,0,N,""
"/home/pythonwoods/dev/PythonSandbox/zenzic-doc/README.it.md",Y,0,N,""
"/home/pythonwoods/dev/PythonSandbox/zenzic-doc/README.md",Y,0,N,""
"/home/pythonwoods/dev/PythonSandbox/zenzic-doc/RELEASE.md",Y,0,N,""
"/home/pythonwoods/dev/PythonSandbox/zenzic-doc/SECURITY.md",Y,0,N,""
"/home/pythonwoods/dev/PythonSandbox/zenzic-doc/blog/2026-04-29-tutorial-stop-broken-links.mdx",Y,0,N,""
"/home/pythonwoods/dev/PythonSandbox/zenzic-doc/blog/2026-05-07-log-v080-basalt.mdx",Y,6,N,"Possibile storico o fuori-scope: richiede review manuale"
"/home/pythonwoods/dev/PythonSandbox/zenzic-doc/blog/2026-05-10-v080-basalt-namespace-contract.mdx",Y,0,N,""
"/home/pythonwoods/dev/PythonSandbox/zenzic-doc/blog/2026-05-12-engineering-basalt-deep-dive.mdx",Y,0,N,""
"/home/pythonwoods/dev/PythonSandbox/zenzic-doc/developers/contribute/index.mdx",Y,0,N,""
"/home/pythonwoods/dev/PythonSandbox/zenzic-doc/developers/contribute/pull-requests.mdx",Y,0,N,""
"/home/pythonwoods/dev/PythonSandbox/zenzic-doc/developers/contribute/report-a-bug.mdx",Y,0,N,""
"/home/pythonwoods/dev/PythonSandbox/zenzic-doc/developers/contribute/report-a-docs-issue.mdx",Y,0,N,""
"/home/pythonwoods/dev/PythonSandbox/zenzic-doc/developers/contribute/request-a-change.mdx",Y,0,N,""
"/home/pythonwoods/dev/PythonSandbox/zenzic-doc/developers/explanation/adr-agnostic-universalism.mdx",Y,0,N,""
"/home/pythonwoods/dev/PythonSandbox/zenzic-doc/developers/explanation/adr-bilingual-structural.mdx",Y,0,N,""
"/home/pythonwoods/dev/PythonSandbox/zenzic-doc/developers/explanation/adr-cross-instance-allowlist.mdx",Y,6,Y,""
"/home/pythonwoods/dev/PythonSandbox/zenzic-doc/developers/explanation/adr-decentralized-cli.mdx",Y,0,N,""
"/home/pythonwoods/dev/PythonSandbox/zenzic-doc/developers/explanation/adr-discovery.mdx",Y,0,N,""
"/home/pythonwoods/dev/PythonSandbox/zenzic-doc/developers/explanation/adr-lint-source.mdx",Y,0,N,""
"/home/pythonwoods/dev/PythonSandbox/zenzic-doc/developers/explanation/adr-parallel-early-termination.mdx",Y,0,N,""
"/home/pythonwoods/dev/PythonSandbox/zenzic-doc/developers/explanation/adr-path-sovereignty.mdx",Y,0,N,""
"/home/pythonwoods/dev/PythonSandbox/zenzic-doc/developers/explanation/adr-regex-acl.mdx",Y,0,N,""
"/home/pythonwoods/dev/PythonSandbox/zenzic-doc/developers/explanation/adr-unified-perimeter.mdx",Y,0,N,""
"/home/pythonwoods/dev/PythonSandbox/zenzic-doc/developers/explanation/adr-vault.mdx",Y,0,N,""
"/home/pythonwoods/dev/PythonSandbox/zenzic-doc/developers/explanation/architecture-gaps.mdx",Y,0,N,""
"/home/pythonwoods/dev/PythonSandbox/zenzic-doc/developers/explanation/sovereign-verification-model.mdx",Y,0,N,""
"/home/pythonwoods/dev/PythonSandbox/zenzic-doc/developers/governance/evolution_policy.mdx",Y,0,N,""
"/home/pythonwoods/dev/PythonSandbox/zenzic-doc/developers/governance/exit_strategy.mdx",Y,0,N,""
"/home/pythonwoods/dev/PythonSandbox/zenzic-doc/developers/governance/index.mdx",Y,0,N,""
"/home/pythonwoods/dev/PythonSandbox/zenzic-doc/developers/governance/licensing.mdx",Y,0,N,""
"/home/pythonwoods/dev/PythonSandbox/zenzic-doc/developers/governance/technical-debt.mdx",Y,1,N,"Possibile storico o fuori-scope: richiede review manuale"
"/home/pythonwoods/dev/PythonSandbox/zenzic-doc/developers/how-to/implement-adapter.mdx",Y,2,Y,""
"/home/pythonwoods/dev/PythonSandbox/zenzic-doc/developers/how-to/release-governance-protocol.mdx",Y,0,N,""
"/home/pythonwoods/dev/PythonSandbox/zenzic-doc/developers/how-to/write-plugin.mdx",Y,0,N,""
"/home/pythonwoods/dev/PythonSandbox/zenzic-doc/developers/index.mdx",Y,0,N,""
"/home/pythonwoods/dev/PythonSandbox/zenzic-doc/developers/reference/adapter-api.mdx",Y,0,N,""
"/home/pythonwoods/dev/PythonSandbox/zenzic-doc/developers/reference/supply-chain-assurance-profile.mdx",Y,0,N,""
"/home/pythonwoods/dev/PythonSandbox/zenzic-doc/developers/reference/zenzic-style.mdx",Y,0,N,""
"/home/pythonwoods/dev/PythonSandbox/zenzic-doc/developers/tutorials/adapter-examples.mdx",Y,7,N,"Possibile storico o fuori-scope: richiede review manuale"
"/home/pythonwoods/dev/PythonSandbox/zenzic-doc/docs/community/brand-kit.mdx",Y,0,N,""
"/home/pythonwoods/dev/PythonSandbox/zenzic-doc/docs/community/faqs.mdx",Y,0,N,""
"/home/pythonwoods/dev/PythonSandbox/zenzic-doc/docs/community/index.mdx",Y,0,N,""
"/home/pythonwoods/dev/PythonSandbox/zenzic-doc/docs/community/license.mdx",Y,0,N,""
"/home/pythonwoods/dev/PythonSandbox/zenzic-doc/docs/explanation/architecture.mdx",Y,0,N,""
"/home/pythonwoods/dev/PythonSandbox/zenzic-doc/docs/explanation/discovery.mdx",Y,0,N,""
"/home/pythonwoods/dev/PythonSandbox/zenzic-doc/docs/explanation/ecosystem.mdx",Y,0,N,""
"/home/pythonwoods/dev/PythonSandbox/zenzic-doc/docs/explanation/github-action-internals.mdx",Y,0,N,""
"/home/pythonwoods/dev/PythonSandbox/zenzic-doc/docs/explanation/health-metrics.mdx",Y,4,Y,""
"/home/pythonwoods/dev/PythonSandbox/zenzic-doc/docs/explanation/mineral-path.mdx",Y,0,N,""
"/home/pythonwoods/dev/PythonSandbox/zenzic-doc/docs/explanation/privacy-gate.mdx",Y,0,N,""
"/home/pythonwoods/dev/PythonSandbox/zenzic-doc/docs/explanation/structural-integrity.mdx",Y,0,N,""
"/home/pythonwoods/dev/PythonSandbox/zenzic-doc/docs/explanation/the-zenzic-trinity.mdx",Y,0,N,""
"/home/pythonwoods/dev/PythonSandbox/zenzic-doc/docs/explanation/why-zenzic.mdx",Y,0,N,""
"/home/pythonwoods/dev/PythonSandbox/zenzic-doc/docs/how-to/add-badges.mdx",Y,0,N,""
"/home/pythonwoods/dev/PythonSandbox/zenzic-doc/docs/how-to/add-custom-rules.mdx",Y,0,N,""
"/home/pythonwoods/dev/PythonSandbox/zenzic-doc/docs/how-to/configuration-strategy.mdx",Y,0,N,""
"/home/pythonwoods/dev/PythonSandbox/zenzic-doc/docs/how-to/configure-adapter.mdx",Y,1,N,"Possibile storico o fuori-scope: richiede review manuale"
"/home/pythonwoods/dev/PythonSandbox/zenzic-doc/docs/how-to/configure-ci-cd.mdx",Y,0,N,""
"/home/pythonwoods/dev/PythonSandbox/zenzic-doc/docs/how-to/configure-privacy-gate.mdx",Y,0,N,""
"/home/pythonwoods/dev/PythonSandbox/zenzic-doc/docs/how-to/configure-social-metadata.mdx",Y,0,N,""
"/home/pythonwoods/dev/PythonSandbox/zenzic-doc/docs/how-to/handle-technical-debt.mdx",Y,0,N,""
"/home/pythonwoods/dev/PythonSandbox/zenzic-doc/docs/how-to/install.mdx",Y,0,N,""
"/home/pythonwoods/dev/PythonSandbox/zenzic-doc/docs/how-to/manage-cross-site-links.mdx",Y,2,Y,""
"/home/pythonwoods/dev/PythonSandbox/zenzic-doc/docs/how-to/migrate-engines.mdx",Y,0,N,""
"/home/pythonwoods/dev/PythonSandbox/zenzic-doc/docs/how-to/workflow-integration.mdx",Y,0,N,""
"/home/pythonwoods/dev/PythonSandbox/zenzic-doc/docs/index.mdx",Y,0,N,""
"/home/pythonwoods/dev/PythonSandbox/zenzic-doc/docs/reference/advanced-features.mdx",Y,10,Y,""
"/home/pythonwoods/dev/PythonSandbox/zenzic-doc/docs/reference/api-json.mdx",Y,0,N,""
"/home/pythonwoods/dev/PythonSandbox/zenzic-doc/docs/reference/brand-system.mdx",Y,0,N,""
"/home/pythonwoods/dev/PythonSandbox/zenzic-doc/docs/reference/checks.mdx",Y,0,N,""
"/home/pythonwoods/dev/PythonSandbox/zenzic-doc/docs/reference/cli.mdx",Y,0,N,""
"/home/pythonwoods/dev/PythonSandbox/zenzic-doc/docs/reference/configuration-reference.mdx",Y,0,N,""
"/home/pythonwoods/dev/PythonSandbox/zenzic-doc/docs/reference/configuration.mdx",Y,4,N,"Possibile storico o fuori-scope: richiede review manuale"
"/home/pythonwoods/dev/PythonSandbox/zenzic-doc/docs/reference/engines.mdx",Y,0,N,""
"/home/pythonwoods/dev/PythonSandbox/zenzic-doc/docs/reference/finding-codes.mdx",Y,2,Y,""
"/home/pythonwoods/dev/PythonSandbox/zenzic-doc/docs/reference/glossary.mdx",Y,0,N,""
"/home/pythonwoods/dev/PythonSandbox/zenzic-doc/docs/reference/index.mdx",Y,0,N,""
"/home/pythonwoods/dev/PythonSandbox/zenzic-doc/docs/reference/scoring-algorithm.mdx",Y,0,N,""
"/home/pythonwoods/dev/PythonSandbox/zenzic-doc/docs/reference/suppression-policy.mdx",Y,0,N,""
"/home/pythonwoods/dev/PythonSandbox/zenzic-doc/docs/reference/zenzic-action.mdx",Y,0,N,""
"/home/pythonwoods/dev/PythonSandbox/zenzic-doc/docs/tutorials/examples.mdx",Y,0,N,""
"/home/pythonwoods/dev/PythonSandbox/zenzic-doc/docs/tutorials/first-audit.mdx",Y,0,N,""
"/home/pythonwoods/dev/PythonSandbox/zenzic-doc/i18n/it/docusaurus-plugin-content-docs-developers/current/contribute/index.mdx",Y,0,N,""
"/home/pythonwoods/dev/PythonSandbox/zenzic-doc/i18n/it/docusaurus-plugin-content-docs-developers/current/contribute/pull-requests.mdx",Y,0,N,""
"/home/pythonwoods/dev/PythonSandbox/zenzic-doc/i18n/it/docusaurus-plugin-content-docs-developers/current/contribute/report-a-bug.mdx",Y,0,N,""
"/home/pythonwoods/dev/PythonSandbox/zenzic-doc/i18n/it/docusaurus-plugin-content-docs-developers/current/contribute/report-a-docs-issue.mdx",Y,0,N,""
"/home/pythonwoods/dev/PythonSandbox/zenzic-doc/i18n/it/docusaurus-plugin-content-docs-developers/current/contribute/request-a-change.mdx",Y,0,N,""
"/home/pythonwoods/dev/PythonSandbox/zenzic-doc/i18n/it/docusaurus-plugin-content-docs-developers/current/explanation/adr-agnostic-universalism.mdx",Y,0,N,""
"/home/pythonwoods/dev/PythonSandbox/zenzic-doc/i18n/it/docusaurus-plugin-content-docs-developers/current/explanation/adr-bilingual-structural.mdx",Y,0,N,""
"/home/pythonwoods/dev/PythonSandbox/zenzic-doc/i18n/it/docusaurus-plugin-content-docs-developers/current/explanation/adr-cross-instance-allowlist.mdx",Y,7,Y,""
"/home/pythonwoods/dev/PythonSandbox/zenzic-doc/i18n/it/docusaurus-plugin-content-docs-developers/current/explanation/adr-decentralized-cli.mdx",Y,0,N,""
"/home/pythonwoods/dev/PythonSandbox/zenzic-doc/i18n/it/docusaurus-plugin-content-docs-developers/current/explanation/adr-discovery.mdx",Y,0,N,""
"/home/pythonwoods/dev/PythonSandbox/zenzic-doc/i18n/it/docusaurus-plugin-content-docs-developers/current/explanation/adr-lint-source.mdx",Y,0,N,""
"/home/pythonwoods/dev/PythonSandbox/zenzic-doc/i18n/it/docusaurus-plugin-content-docs-developers/current/explanation/adr-parallel-early-termination.mdx",Y,0,N,""
"/home/pythonwoods/dev/PythonSandbox/zenzic-doc/i18n/it/docusaurus-plugin-content-docs-developers/current/explanation/adr-path-sovereignty.mdx",Y,0,N,""
"/home/pythonwoods/dev/PythonSandbox/zenzic-doc/i18n/it/docusaurus-plugin-content-docs-developers/current/explanation/adr-regex-acl.mdx",Y,0,N,""
"/home/pythonwoods/dev/PythonSandbox/zenzic-doc/i18n/it/docusaurus-plugin-content-docs-developers/current/explanation/adr-unified-perimeter.mdx",Y,0,N,""
"/home/pythonwoods/dev/PythonSandbox/zenzic-doc/i18n/it/docusaurus-plugin-content-docs-developers/current/explanation/adr-vault.mdx",Y,0,N,""
"/home/pythonwoods/dev/PythonSandbox/zenzic-doc/i18n/it/docusaurus-plugin-content-docs-developers/current/explanation/architecture-gaps.mdx",Y,0,N,""
"/home/pythonwoods/dev/PythonSandbox/zenzic-doc/i18n/it/docusaurus-plugin-content-docs-developers/current/explanation/sovereign-verification-model.mdx",Y,0,N,""
"/home/pythonwoods/dev/PythonSandbox/zenzic-doc/i18n/it/docusaurus-plugin-content-docs-developers/current/governance/evolution_policy.mdx",Y,0,N,""
"/home/pythonwoods/dev/PythonSandbox/zenzic-doc/i18n/it/docusaurus-plugin-content-docs-developers/current/governance/exit_strategy.mdx",Y,0,N,""
"/home/pythonwoods/dev/PythonSandbox/zenzic-doc/i18n/it/docusaurus-plugin-content-docs-developers/current/governance/index.mdx",Y,0,N,""
"/home/pythonwoods/dev/PythonSandbox/zenzic-doc/i18n/it/docusaurus-plugin-content-docs-developers/current/governance/licensing.mdx",Y,0,N,""
"/home/pythonwoods/dev/PythonSandbox/zenzic-doc/i18n/it/docusaurus-plugin-content-docs-developers/current/governance/technical-debt.mdx",Y,1,N,"Possibile storico o fuori-scope: richiede review manuale"
"/home/pythonwoods/dev/PythonSandbox/zenzic-doc/i18n/it/docusaurus-plugin-content-docs-developers/current/how-to/implement-adapter.mdx",Y,1,Y,""
"/home/pythonwoods/dev/PythonSandbox/zenzic-doc/i18n/it/docusaurus-plugin-content-docs-developers/current/how-to/release-governance-protocol.mdx",Y,0,N,""
"/home/pythonwoods/dev/PythonSandbox/zenzic-doc/i18n/it/docusaurus-plugin-content-docs-developers/current/how-to/write-plugin.mdx",Y,0,N,""
"/home/pythonwoods/dev/PythonSandbox/zenzic-doc/i18n/it/docusaurus-plugin-content-docs-developers/current/index.mdx",Y,0,N,""
"/home/pythonwoods/dev/PythonSandbox/zenzic-doc/i18n/it/docusaurus-plugin-content-docs-developers/current/reference/adapter-api.mdx",Y,0,N,""
"/home/pythonwoods/dev/PythonSandbox/zenzic-doc/i18n/it/docusaurus-plugin-content-docs-developers/current/reference/supply-chain-assurance-profile.mdx",Y,0,N,""
"/home/pythonwoods/dev/PythonSandbox/zenzic-doc/i18n/it/docusaurus-plugin-content-docs-developers/current/reference/zenzic-style.mdx",Y,0,N,""
"/home/pythonwoods/dev/PythonSandbox/zenzic-doc/i18n/it/docusaurus-plugin-content-docs-developers/current/tutorials/adapter-examples.mdx",Y,7,N,"Possibile storico o fuori-scope: richiede review manuale"
"/home/pythonwoods/dev/PythonSandbox/zenzic-doc/i18n/it/docusaurus-plugin-content-docs/current/community/brand-kit.mdx",Y,0,N,""
"/home/pythonwoods/dev/PythonSandbox/zenzic-doc/i18n/it/docusaurus-plugin-content-docs/current/community/faqs.mdx",Y,0,N,""
"/home/pythonwoods/dev/PythonSandbox/zenzic-doc/i18n/it/docusaurus-plugin-content-docs/current/community/index.mdx",Y,0,N,""
"/home/pythonwoods/dev/PythonSandbox/zenzic-doc/i18n/it/docusaurus-plugin-content-docs/current/community/license.mdx",Y,0,N,""
"/home/pythonwoods/dev/PythonSandbox/zenzic-doc/i18n/it/docusaurus-plugin-content-docs/current/explanation/architecture.mdx",Y,0,N,""
"/home/pythonwoods/dev/PythonSandbox/zenzic-doc/i18n/it/docusaurus-plugin-content-docs/current/explanation/discovery.mdx",Y,0,N,""
"/home/pythonwoods/dev/PythonSandbox/zenzic-doc/i18n/it/docusaurus-plugin-content-docs/current/explanation/ecosystem.mdx",Y,0,N,""
"/home/pythonwoods/dev/PythonSandbox/zenzic-doc/i18n/it/docusaurus-plugin-content-docs/current/explanation/github-action-internals.mdx",Y,0,N,""
"/home/pythonwoods/dev/PythonSandbox/zenzic-doc/i18n/it/docusaurus-plugin-content-docs/current/explanation/health-metrics.mdx",Y,4,Y,""
"/home/pythonwoods/dev/PythonSandbox/zenzic-doc/i18n/it/docusaurus-plugin-content-docs/current/explanation/mineral-path.mdx",Y,0,N,""
"/home/pythonwoods/dev/PythonSandbox/zenzic-doc/i18n/it/docusaurus-plugin-content-docs/current/explanation/privacy-gate.mdx",Y,0,N,""
"/home/pythonwoods/dev/PythonSandbox/zenzic-doc/i18n/it/docusaurus-plugin-content-docs/current/explanation/structural-integrity.mdx",Y,0,N,""
"/home/pythonwoods/dev/PythonSandbox/zenzic-doc/i18n/it/docusaurus-plugin-content-docs/current/explanation/the-zenzic-trinity.mdx",Y,0,N,""
"/home/pythonwoods/dev/PythonSandbox/zenzic-doc/i18n/it/docusaurus-plugin-content-docs/current/explanation/why-zenzic.mdx",Y,0,N,""
"/home/pythonwoods/dev/PythonSandbox/zenzic-doc/i18n/it/docusaurus-plugin-content-docs/current/how-to/add-badges.mdx",Y,0,N,""
"/home/pythonwoods/dev/PythonSandbox/zenzic-doc/i18n/it/docusaurus-plugin-content-docs/current/how-to/add-custom-rules.mdx",Y,0,N,""
"/home/pythonwoods/dev/PythonSandbox/zenzic-doc/i18n/it/docusaurus-plugin-content-docs/current/how-to/configuration-strategy.mdx",Y,0,N,""
"/home/pythonwoods/dev/PythonSandbox/zenzic-doc/i18n/it/docusaurus-plugin-content-docs/current/how-to/configure-adapter.mdx",Y,1,N,"Possibile storico o fuori-scope: richiede review manuale"
"/home/pythonwoods/dev/PythonSandbox/zenzic-doc/i18n/it/docusaurus-plugin-content-docs/current/how-to/configure-ci-cd.mdx",Y,0,N,""
"/home/pythonwoods/dev/PythonSandbox/zenzic-doc/i18n/it/docusaurus-plugin-content-docs/current/how-to/configure-privacy-gate.mdx",Y,0,N,""
"/home/pythonwoods/dev/PythonSandbox/zenzic-doc/i18n/it/docusaurus-plugin-content-docs/current/how-to/configure-social-metadata.mdx",Y,0,N,""
"/home/pythonwoods/dev/PythonSandbox/zenzic-doc/i18n/it/docusaurus-plugin-content-docs/current/how-to/handle-technical-debt.mdx",Y,0,N,""
"/home/pythonwoods/dev/PythonSandbox/zenzic-doc/i18n/it/docusaurus-plugin-content-docs/current/how-to/install.mdx",Y,0,N,""
"/home/pythonwoods/dev/PythonSandbox/zenzic-doc/i18n/it/docusaurus-plugin-content-docs/current/how-to/manage-cross-site-links.mdx",Y,2,Y,""
"/home/pythonwoods/dev/PythonSandbox/zenzic-doc/i18n/it/docusaurus-plugin-content-docs/current/how-to/migrate-engines.mdx",Y,0,N,""
"/home/pythonwoods/dev/PythonSandbox/zenzic-doc/i18n/it/docusaurus-plugin-content-docs/current/how-to/workflow-integration.mdx",Y,0,N,""
"/home/pythonwoods/dev/PythonSandbox/zenzic-doc/i18n/it/docusaurus-plugin-content-docs/current/index.mdx",Y,0,N,""
"/home/pythonwoods/dev/PythonSandbox/zenzic-doc/i18n/it/docusaurus-plugin-content-docs/current/reference/advanced-features.mdx",Y,10,Y,""
"/home/pythonwoods/dev/PythonSandbox/zenzic-doc/i18n/it/docusaurus-plugin-content-docs/current/reference/api-json.mdx",Y,0,N,""
"/home/pythonwoods/dev/PythonSandbox/zenzic-doc/i18n/it/docusaurus-plugin-content-docs/current/reference/brand-system.mdx",Y,0,N,""
"/home/pythonwoods/dev/PythonSandbox/zenzic-doc/i18n/it/docusaurus-plugin-content-docs/current/reference/checks.mdx",Y,0,N,""
"/home/pythonwoods/dev/PythonSandbox/zenzic-doc/i18n/it/docusaurus-plugin-content-docs/current/reference/cli.mdx",Y,0,N,""
"/home/pythonwoods/dev/PythonSandbox/zenzic-doc/i18n/it/docusaurus-plugin-content-docs/current/reference/configuration-reference.mdx",Y,0,N,""
"/home/pythonwoods/dev/PythonSandbox/zenzic-doc/i18n/it/docusaurus-plugin-content-docs/current/reference/configuration.mdx",Y,4,N,"Possibile storico o fuori-scope: richiede review manuale"
"/home/pythonwoods/dev/PythonSandbox/zenzic-doc/i18n/it/docusaurus-plugin-content-docs/current/reference/engines.mdx",Y,0,N,""
"/home/pythonwoods/dev/PythonSandbox/zenzic-doc/i18n/it/docusaurus-plugin-content-docs/current/reference/finding-codes.mdx",Y,2,Y,""
"/home/pythonwoods/dev/PythonSandbox/zenzic-doc/i18n/it/docusaurus-plugin-content-docs/current/reference/glossary.mdx",Y,0,N,""
"/home/pythonwoods/dev/PythonSandbox/zenzic-doc/i18n/it/docusaurus-plugin-content-docs/current/reference/index.mdx",Y,0,N,""
"/home/pythonwoods/dev/PythonSandbox/zenzic-doc/i18n/it/docusaurus-plugin-content-docs/current/reference/scoring-algorithm.mdx",Y,0,N,""
"/home/pythonwoods/dev/PythonSandbox/zenzic-doc/i18n/it/docusaurus-plugin-content-docs/current/reference/suppression-policy.mdx",Y,0,N,""
"/home/pythonwoods/dev/PythonSandbox/zenzic-doc/i18n/it/docusaurus-plugin-content-docs/current/reference/zenzic-action.mdx",Y,0,N,""
"/home/pythonwoods/dev/PythonSandbox/zenzic-doc/i18n/it/docusaurus-plugin-content-docs/current/tutorials/examples.mdx",Y,0,N,""
"/home/pythonwoods/dev/PythonSandbox/zenzic-doc/i18n/it/docusaurus-plugin-content-docs/current/tutorials/first-audit.mdx",Y,0,N,""
"/home/pythonwoods/dev/PythonSandbox/zenzic-action/.github/ISSUE_TEMPLATE/gate-bypass-postmortem.md",Y,0,N,""
"/home/pythonwoods/dev/PythonSandbox/zenzic-action/.github/PULL_REQUEST_TEMPLATE.md",Y,0,N,""
"/home/pythonwoods/dev/PythonSandbox/zenzic-action/CHANGELOG.md",Y,0,N,""
"/home/pythonwoods/dev/PythonSandbox/zenzic-action/CONTRIBUTING.it.md",Y,0,N,""
"/home/pythonwoods/dev/PythonSandbox/zenzic-action/CONTRIBUTING.md",Y,0,N,""
"/home/pythonwoods/dev/PythonSandbox/zenzic-action/README.it.md",Y,0,N,""
"/home/pythonwoods/dev/PythonSandbox/zenzic-action/README.md",Y,0,N,""
"/home/pythonwoods/dev/PythonSandbox/zenzic-action/RELEASE.md",Y,0,N,""
"/home/pythonwoods/dev/PythonSandbox/zenzic-action/SECURITY.md",Y,0,N,""
"/home/pythonwoods/dev/PythonSandbox/structum-core/.github/ISSUE_TEMPLATE/gate-bypass-postmortem.md",Y,0,N,""
"/home/pythonwoods/dev/PythonSandbox/structum-core/.github/PULL_REQUEST_TEMPLATE.md",Y,0,N,""
"/home/pythonwoods/dev/PythonSandbox/structum-core/CHANGELOG.md",Y,0,N,""
"/home/pythonwoods/dev/PythonSandbox/structum-core/CONTRIBUTING.md",Y,0,N,""
"/home/pythonwoods/dev/PythonSandbox/structum-core/README.it.md",Y,0,N,""
"/home/pythonwoods/dev/PythonSandbox/structum-core/README.md",Y,0,N,""
"/home/pythonwoods/dev/PythonSandbox/structum-core/RELEASE.md",Y,0,N,""
"/home/pythonwoods/dev/PythonSandbox/structum-core/ROADMAP.md",Y,0,N,""
"/home/pythonwoods/dev/PythonSandbox/structum-core/SECURITY.md",Y,0,N,""
"/home/pythonwoods/dev/PythonSandbox/structum-core/docs/explanation/architecture.md",Y,0,N,""
"/home/pythonwoods/dev/PythonSandbox/structum-core/docs/explanation/vrm-design.md",Y,0,N,""
"/home/pythonwoods/dev/PythonSandbox/structum-core/docs/how-to/configure-sources.md",Y,0,N,""
"/home/pythonwoods/dev/PythonSandbox/structum-core/docs/how-to/run-mcp-server.md",Y,0,N,""
"/home/pythonwoods/dev/PythonSandbox/structum-core/docs/index.md",Y,0,N,""
"/home/pythonwoods/dev/PythonSandbox/structum-core/docs/manifesto/sovereign-memory-architecture.md",Y,0,N,""
"/home/pythonwoods/dev/PythonSandbox/structum-core/docs/reference/cli.md",Y,0,N,""
"/home/pythonwoods/dev/PythonSandbox/structum-core/docs/reference/mcp-tools.md",Y,0,N,""
"/home/pythonwoods/dev/PythonSandbox/structum-core/docs/reference/vrm-frontmatter.md",Y,0,N,""
"/home/pythonwoods/dev/PythonSandbox/structum-core/docs/tutorials/getting-started.md",Y,0,N,""
"/home/pythonwoods/dev/PythonSandbox/openclaude/.github/ISSUE_TEMPLATE/bug_report.md",Y,0,N,""
"/home/pythonwoods/dev/PythonSandbox/openclaude/.github/ISSUE_TEMPLATE/feature_request.md",Y,0,N,""
"/home/pythonwoods/dev/PythonSandbox/openclaude/.github/pull_request_template.md",Y,0,N,""
"/home/pythonwoods/dev/PythonSandbox/openclaude/ANDROID_INSTALL.md",Y,0,N,""
"/home/pythonwoods/dev/PythonSandbox/openclaude/CHANGELOG.md",Y,0,N,""
"/home/pythonwoods/dev/PythonSandbox/openclaude/CODE_OF_CONDUCT.md",Y,0,N,""
"/home/pythonwoods/dev/PythonSandbox/openclaude/CONTRIBUTING.md",Y,0,N,""
"/home/pythonwoods/dev/PythonSandbox/openclaude/PLAYBOOK.md",Y,0,N,""
"/home/pythonwoods/dev/PythonSandbox/openclaude/README.md",Y,0,N,""
"/home/pythonwoods/dev/PythonSandbox/openclaude/SECURITY.md",Y,0,N,""
"/home/pythonwoods/dev/PythonSandbox/openclaude/docs/advanced-setup.md",Y,0,N,""
"/home/pythonwoods/dev/PythonSandbox/openclaude/docs/architecture/integrations.md",Y,0,N,""
"/home/pythonwoods/dev/PythonSandbox/openclaude/docs/hook-chains.md",Y,0,N,""
"/home/pythonwoods/dev/PythonSandbox/openclaude/docs/integrations/common-pitfalls.md",Y,0,N,""
"/home/pythonwoods/dev/PythonSandbox/openclaude/docs/integrations/glossary.md",Y,0,N,""
"/home/pythonwoods/dev/PythonSandbox/openclaude/docs/integrations/how-to/add-anthropic-proxy.md",Y,0,N,""
"/home/pythonwoods/dev/PythonSandbox/openclaude/docs/integrations/how-to/add-gateway.md",Y,0,N,""
"/home/pythonwoods/dev/PythonSandbox/openclaude/docs/integrations/how-to/add-model.md",Y,0,N,""
"/home/pythonwoods/dev/PythonSandbox/openclaude/docs/integrations/how-to/add-usage-support.md",Y,0,N,""
"/home/pythonwoods/dev/PythonSandbox/openclaude/docs/integrations/how-to/add-vendor.md",Y,0,N,""
"/home/pythonwoods/dev/PythonSandbox/openclaude/docs/integrations/overview.md",Y,0,N,""
"/home/pythonwoods/dev/PythonSandbox/openclaude/docs/integrations/reference-samples.md",Y,0,N,""
"/home/pythonwoods/dev/PythonSandbox/openclaude/docs/litellm-setup.md",Y,0,N,""
"/home/pythonwoods/dev/PythonSandbox/openclaude/docs/non-technical-setup.md",Y,0,N,""
"/home/pythonwoods/dev/PythonSandbox/openclaude/docs/quick-start-mac-linux.md",Y,0,N,""
"/home/pythonwoods/dev/PythonSandbox/openclaude/docs/quick-start-windows.md",Y,0,N,""
"/home/pythonwoods/dev/PythonSandbox/openclaude/src/tools/WebSearchTool/README_SEARCH_PROVIDERS.md",Y,0,N,""
"/home/pythonwoods/dev/PythonSandbox/openclaude/vscode-extension/openclaude-vscode/README.md",Y,0,N,""
